GeographicCode,FSA,Population,Dwellings,Residents
A0A,A0A,46587,26155,19426
A0B,A0B,19792,13658,8792
A0C,A0C,12587,8010,5606
A0E,A0E,22294,12293,9603
A0G,A0G,35266,21750,15200
A0H,A0H,17804,9928,7651
A0J,A0J,7880,4813,3426
A0K,A0K,26058,15159,11090
A0L,A0L,7643,3769,3178
A0M,A0M,6200,3247,2769
A0N,A0N,13815,8027,6370
A0P,A0P,13721,5123,4677
A0R,A0R,2543,1293,966
A1A,A1A,30382,13545,12663
A1B,A1B,19867,10051,8653
A1C,A1C,12712,7438,6453
A1E,A1E,27115,13704,12553
A1G,A1G,5777,2646,2483
A1H,A1H,5493,2102,1984
A1K,A1K,12253,4646,4438
A1L,A1L,21376,8659,8035
A1M,A1M,8058,3181,2996
A1N,A1N,22957,10381,9605
A1S,A1S,6142,2374,2304
A1V,A1V,11698,5172,4892
A1W,A1W,11209,4549,4269
A1X,A1X,15003,6007,5668
A1Y,A1Y,5669,2627,2321
A2A,A2A,9610,4345,4118
A2B,A2B,4909,2740,2127
A2H,A2H,26092,12628,11227
A2N,A2N,8904,4348,4048
A2V,A2V,7288,3500,2933
A5A,A5A,8111,3830,3284
A8A,A8A,6901,4041,2865
B0C,B0C,2649,1689,1161
B0E,B0E,25881,14997,11258
B0H,B0H,9953,5827,4388
B0J,B0J,39302,23591,17707
B0K,B0K,35895,20689,15775
B0L,B0L,2364,1657,1056
B0M,B0M,16997,9995,7548
B0N,B0N,39559,19157,16644
B0P,B0P,40417,18766,16913
B0R,B0R,5779,3771,2656
B0S,B0S,17212,9892,7954
B0T,B0T,14607,9029,6737
B0V,B0V,5809,3253,2758
B0W,B0W,26951,14465,12029
B1A,B1A,15937,7593,7051
B1B,B1B,1196,643,550
B1C,B1C,1654,859,738
B1E,B1E,1564,729,682
B1G,B1G,1867,898,843
B1H,B1H,9642,4539,4296
B1J,B1J,969,707,479
B1K,B1K,3049,1951,1321
B1L,B1L,4905,2086,2007
B1M,B1M,1130,534,476
B1N,B1N,5705,2640,2465
B1P,B1P,14296,7456,6820
B1R,B1R,4318,1850,1799
B1S,B1S,8548,3832,3541
B1T,B1T,354,315,175
B1V,B1V,6311,2942,2770
B1W,B1W,3422,1114,1059
B1X,B1X,843,593,366
B1Y,B1Y,5885,2836,2535
B2A,B2A,8017,3713,3497
B2C,B2C,290,231,139
B2E,B2E,41,139,26
B2G,B2G,14361,7542,6097
B2H,B2H,14477,7277,6540
B2J,B2J,68,116,35
B2N,B2N,19842,10195,9436
B2R,B2R,2459,1030,981
B2S,B2S,7583,3018,2919
B2T,B2T,16980,6446,6208
B2V,B2V,12230,4725,4643
B2W,B2W,32537,13419,13095
B2X,B2X,11629,4983,4725
B2Y,B2Y,14595,7961,7340
B2Z,B2Z,8258,3291,3158
B3A,B3A,20131,11840,10808
B3B,B3B,1438,584,524
B3E,B3E,6782,2749,2637
B3G,B3G,10593,4263,4142
B3H,B3H,18814,11098,9135
B3J,B3J,5901,4326,3464
B3K,B3K,20591,11773,10448
B3L,B3L,17534,8922,8188
B3M,B3M,32204,16023,15123
B3N,B3N,13604,6983,6495
B3P,B3P,9347,4237,3990
B3R,B3R,8484,4109,3860
B3S,B3S,12895,5872,5734
B3T,B3T,16884,6648,6360
B3V,B3V,5999,2542,2393
B3Z,B3Z,16905,6839,6263
B4A,B4A,17900,7586,7199
B4B,B4B,13028,4485,4347
B4C,B4C,18195,7512,7307
B4E,B4E,18259,7090,6920
B4G,B4G,5055,1851,1803
B4H,B4H,13422,7122,6096
B4N,B4N,17382,8158,7706
B4P,B4P,7784,4290,3482
B4R,B4R,2985,1199,1175
B4V,B4V,20167,9999,9002
B5A,B5A,15479,7929,6969
B6L,B6L,13007,5380,5144
B9A,B9A,4492,2178,1880
C0A,C0A,44095,23867,17692
C0B,C0B,28575,14826,11570
C1A,C1A,24839,12631,11691
C1B,C1B,13203,5549,5128
C1C,C1C,4266,1888,1804
C1E,C1E,11466,4617,4362
C1N,C1N,16463,7741,7225
E1A,E1A,43012,19597,18190
E1B,E1B,19667,8537,8224
E1C,E1C,23686,13424,11680
E1E,E1E,11006,5316,4970
E1G,E1G,22554,8799,8482
E1H,E1H,7421,3344,3203
E1J,E1J,3436,1384,1339
E1N,E1N,11344,5478,4858
E1V,E1V,13544,6364,5909
E1W,E1W,6935,3550,3197
E1X,E1X,14040,6509,5927
E2A,E2A,17205,8966,7913
E2E,E2E,19526,7421,7198
E2G,E2G,5079,1943,1888
E2H,E2H,4700,2004,1884
E2J,E2J,15813,7512,6919
E2K,E2K,17495,8939,7847
E2L,E2L,7566,5203,4212
E2M,E2M,18715,8739,8039
E2N,E2N,4275,1771,1678
E2P,E2P,1391,575,556
E2R,E2R,10,5,5
E2S,E2S,6822,2757,2613
E2V,E2V,14649,6034,5530
E3A,E3A,28167,12655,11979
E3B,E3B,36946,18200,16373
E3C,E3C,11594,4659,4515
E3E,E3E,4600,1726,1688
E3G,E3G,8687,3452,3355
E3L,E3L,8618,4147,3774
E3N,E3N,13533,6539,6068
E3V,E3V,11742,5898,5463
E3Y,E3Y,7355,3299,3073
E3Z,E3Z,4080,1988,1861
E4A,E4A,2926,1959,1444
E4B,E4B,4190,2531,1955
E4C,E4C,2186,2061,998
E4E,E4E,8906,4323,3923
E4G,E4G,2737,1183,1104
E4H,E4H,4014,2115,1771
E4J,E4J,4840,2098,1980
E4K,E4K,6315,2593,2379
E4L,E4L,7009,3877,3019
E4M,E4M,1772,1462,817
E4N,E4N,3712,1765,1498
E4P,E4P,14586,7799,6305
E4R,E4R,6285,3933,2753
E4S,E4S,7013,3631,3052
E4T,E4T,2159,1240,946
E4V,E4V,4246,1997,1784
E4W,E4W,8069,4198,3529
E4X,E4X,2976,1416,1274
E4Y,E4Y,3038,1534,1355
E4Z,E4Z,5618,2783,2326
E5A,E5A,1698,901,740
E5B,E5B,3037,1783,1354
E5C,E5C,4221,2181,1795
E5E,E5E,872,616,376
E5G,E5G,2505,1468,1143
E5H,E5H,2825,1300,1196
E5J,E5J,1960,1137,868
E5K,E5K,7123,3025,2819
E5L,E5L,2871,1382,1204
E5M,E5M,2028,1069,867
E5N,E5N,11668,5120,4577
E5P,E5P,2546,1099,999
E5R,E5R,1446,800,625
E5S,E5S,1774,1030,786
E5T,E5T,3035,1925,1224
E5V,E5V,797,467,347
E6A,E6A,1254,680,534
E6B,E6B,1590,816,647
E6C,E6C,2044,923,860
E6E,E6E,1512,762,621
E6G,E6G,2519,1393,1115
E6H,E6H,1210,971,509
E6J,E6J,1185,664,537
E6K,E6K,3787,2331,1613
E6L,E6L,4660,2066,1896
E7A,E7A,3707,2024,1647
E7B,E7B,5701,2587,2453
E7C,E7C,5229,2386,2267
E7E,E7E,4279,2024,1849
E7G,E7G,3720,2078,1678
E7H,E7H,5577,2685,2388
E7J,E7J,2069,941,855
E7K,E7K,2564,1134,1036
E7L,E7L,5195,2421,2123
E7M,E7M,9908,4434,4172
E7N,E7N,2966,1409,1174
E7P,E7P,3591,1600,1440
E8A,E8A,3679,1668,1577
E8B,E8B,2333,1127,1047
E8C,E8C,3544,1879,1693
E8E,E8E,5224,2472,2302
E8G,E8G,2642,1574,1306
E8J,E8J,5614,2633,2457
E8K,E8K,8668,4081,3786
E8L,E8L,2356,1084,1002
E8M,E8M,2059,993,905
E8N,E8N,2549,1586,1262
E8P,E8P,3450,1609,1454
E8R,E8R,3174,1573,1404
E8S,E8S,4578,2247,1951
E8T,E8T,5758,3043,2591
E9A,E9A,2254,1157,1009
E9B,E9B,2336,1141,969
E9C,E9C,2115,1254,981
E9E,E9E,3953,1949,1690
E9G,E9G,5290,2372,2150
E9H,E9H,3041,1415,1281
G0A,G0A,86140,43053,36136
G0C,G0C,47114,23744,21386
G0E,G0E,4773,3066,2263
G0G,G0G,17665,9023,7073
G0H,G0H,10540,5245,4604
G0J,G0J,29251,16484,13404
G0K,G0K,11587,6569,5152
G0L,G0L,59524,31620,25998
G0M,G0M,34021,16488,14297
G0N,G0N,19489,10930,8728
G0P,G0P,6816,3350,2841
G0R,G0R,83573,43268,36455
G0S,G0S,68020,30523,28081
G0T,G0T,14063,7725,6323
G0V,G0V,17614,9945,7386
G0W,G0W,36076,17743,14226
G0X,G0X,58779,32162,26101
G0Y,G0Y,9052,5872,4063
G0Z,G0Z,8596,4132,3686
G1A,G1A,0,1,1
G1B,G1B,16337,6397,6291
G1C,G1C,36407,15798,15529
G1E,G1E,27071,14055,13295
G1G,G1G,24695,11239,10978
G1H,G1H,29105,15114,14487
G1J,G1J,23388,13732,12910
G1K,G1K,18309,12086,10965
G1L,G1L,22729,13519,12715
G1M,G1M,19697,9744,9343
G1N,G1N,8053,5006,4700
G1P,G1P,16514,8286,8057
G1R,G1R,16663,12127,10345
G1S,G1S,25741,14412,13312
G1T,G1T,6378,2673,2562
G1V,G1V,18530,12727,9904
G1W,G1W,21091,10722,10090
G1X,G1X,25855,13023,12434
G1Y,G1Y,12653,5287,5222
G2A,G2A,15482,6449,6327
G2B,G2B,24546,11082,10706
G2C,G2C,11767,5681,5549
G2E,G2E,20674,8948,8792
G2G,G2G,10676,4705,4616
G2J,G2J,2953,1662,1579
G2K,G2K,10961,5462,5255
G2L,G2L,14090,6315,6248
G2M,G2M,5301,2178,2140
G2N,G2N,8134,3393,3313
G3A,G3A,19198,7838,7344
G3B,G3B,7925,3097,2901
G3C,G3C,8977,4166,3488
G3E,G3E,15629,5926,5868
G3G,G3G,10098,4036,3946
G3H,G3H,9252,3944,3765
G3J,G3J,10341,4338,4246
G3K,G3K,18534,7251,7158
G3L,G3L,10309,5416,4479
G3M,G3M,7200,3180,3111
G3N,G3N,9942,4709,3949
G3Z,G3Z,7142,3667,3229
G4A,G4A,3085,1481,1394
G4R,G4R,20973,9967,9027
G4S,G4S,5208,2278,2196
G4T,G4T,12475,6477,5534
G4V,G4V,6616,3457,3108
G4W,G4W,14326,7427,6871
G4X,G4X,14568,7074,6412
G4Z,G4Z,9859,4805,4425
G5A,G5A,8332,4636,3816
G5B,G5B,6294,2960,2688
G5C,G5C,11771,5536,5271
G5H,G5H,6789,3352,3127
G5J,G5J,6221,3031,2882
G5L,G5L,29258,15839,14470
G5M,G5M,8471,3657,3574
G5N,G5N,7969,3378,3283
G5R,G5R,19500,9771,9070
G5T,G5T,2863,1530,1343
G5V,G5V,11255,5651,5281
G5X,G5X,6290,2841,2731
G5Y,G5Y,23460,11366,10985
G5Z,G5Z,6882,2841,2799
G6A,G6A,2330,873,865
G6B,G6B,8179,4081,3736
G6C,G6C,7046,2846,2794
G6E,G6E,13537,5845,5641
G6G,G6G,19707,10043,9445
G6H,G6H,7142,3345,3134
G6J,G6J,10513,4089,4029
G6K,G6K,8366,3170,3148
G6L,G6L,15172,6996,6691
G6P,G6P,29233,14619,14024
G6R,G6R,4598,1754,1715
G6S,G6S,5029,2039,1977
G6T,G6T,10291,4141,4082
G6V,G6V,31698,16046,15222
G6W,G6W,23942,11296,10990
G6X,G6X,9751,4774,4645
G6Y,G6Y,5618,2312,2237
G6Z,G6Z,23607,9112,9005
G7A,G7A,22834,8925,8695
G7B,G7B,17957,8356,8000
G7G,G7G,16737,7225,7055
G7H,G7H,28516,15055,13960
G7J,G7J,14860,7262,7024
G7K,G7K,648,320,307
G7N,G7N,6367,2686,2541
G7P,G7P,7244,3205,2960
G7S,G7S,20099,8752,8494
G7T,G7T,901,389,374
G7X,G7X,25725,13776,12654
G7Y,G7Y,622,294,272
G7Z,G7Z,2823,1096,1092
G8A,G8A,6179,2802,2701
G8B,G8B,22664,10933,10388
G8C,G8C,4209,1713,1702
G8E,G8E,3841,1638,1540
G8G,G8G,3991,2090,1739
G8H,G8H,10303,4934,4611
G8J,G8J,4154,2545,1749
G8K,G8K,10238,5022,4533
G8L,G8L,14753,7034,6465
G8M,G8M,5286,2359,2252
G8N,G8N,2533,1251,1070
G8P,G8P,7537,3552,3270
G8T,G8T,28121,14539,13781
G8V,G8V,9484,3960,3850
G8W,G8W,10311,4569,4383
G8Y,G8Y,32509,15902,15208
G8Z,G8Z,13573,7789,6687
G9A,G9A,20220,12453,10983
G9B,G9B,16948,7204,6941
G9C,G9C,3247,1355,1324
G9H,G9H,13028,6028,5692
G9N,G9N,16114,9706,8509
G9P,G9P,11318,5605,5371
G9R,G9R,2274,1006,931
G9T,G9T,15914,8563,7918
G9X,G9X,10745,6364,5176
H0M,H0M,1202,763,364
H1A,H1A,32516,14287,13832
H1B,H1B,20160,9400,9042
H1C,H1C,14678,4734,4685
H1E,H1E,42420,16941,16437
H1G,H1G,48556,21206,19661
H1H,H1H,36127,16746,15448
H1J,H1J,10308,4893,4772
H1K,H1K,34821,14743,14110
H1L,H1L,33468,17255,16096
H1M,H1M,29359,14691,13940
H1N,H1N,23870,12299,11594
H1P,H1P,18063,7606,7274
H1R,H1R,30903,12395,11761
H1S,H1S,25737,10897,10402
H1T,H1T,31338,16356,15321
H1V,H1V,22086,12408,11622
H1W,H1W,28889,17043,15737
H1X,H1X,30366,16869,15826
H1Y,H1Y,27172,15256,14122
H1Z,H1Z,35472,14627,13498
H2A,H2A,19651,9157,8574
H2B,H2B,17678,9255,8540
H2C,H2C,18692,9151,8698
H2E,H2E,24297,12582,11760
H2G,H2G,21981,12581,11762
H2H,H2H,14671,8368,7829
H2J,H2J,26559,16050,14820
H2K,H2K,28727,17565,16157
H2L,H2L,24222,15923,13983
H2M,H2M,18621,9241,8769
H2N,H2N,6334,2884,2667
H2P,H2P,14693,7846,7420
H2R,H2R,22436,12732,12023
H2S,H2S,27359,15854,14880
H2T,H2T,16272,9025,8305
H2V,H2V,31323,13670,12440
H2W,H2W,11305,6938,5967
H2X,H2X,19901,15204,12017
H2Y,H2Y,3455,2944,2113
H2Z,H2Z,2313,1937,1438
H3A,H3A,3580,3243,2159
H3B,H3B,581,636,301
H3C,H3C,10877,7353,6275
H3E,H3E,20461,10272,9642
H3G,H3G,7457,5802,4385
H3H,H3H,19025,13595,11433
H3J,H3J,11071,5353,5010
H3K,H3K,14919,8351,7644
H3L,H3L,20636,10087,9369
H3M,H3M,15478,6716,6363
H3N,H3N,28277,13223,12056
H3P,H3P,10208,3870,3650
H3R,H3R,9650,3832,3562
H3S,H3S,33125,15950,14355
H3T,H3T,12817,7254,6194
H3V,H3V,6648,4515,3941
H3W,H3W,30678,13311,12233
H3X,H3X,23069,10911,10040
H3Y,H3Y,9747,3616,3385
H3Z,H3Z,11813,6628,5852
H4A,H4A,26453,13105,11965
H4B,H4B,20368,10928,10079
H4C,H4C,17052,10068,9279
H4E,H4E,30513,15729,14720
H4G,H4G,29488,16471,15354
H4H,H4H,19268,9466,8990
H4J,H4J,18205,7712,7144
H4K,H4K,11257,4126,3938
H4L,H4L,36795,14940,14030
H4M,H4M,12325,4742,4474
H4N,H4N,29755,12365,11623
H4P,H4P,7149,3586,3312
H4R,H4R,27065,11297,10628
H4S,H4S,560,224,220
H4T,H4T,0,1,0
H4V,H4V,20338,9599,8794
H4W,H4W,24742,10472,9791
H4X,H4X,6289,2582,2409
H4Y,H4Y,5,3,3
H4Z,H4Z,10,5,5
H5A,H5A,0,0,0
H5B,H5B,5,2,2
H7A,H7A,20918,7374,7191
H7B,H7B,3037,1079,1053
H7C,H7C,8985,3750,3478
H7E,H7E,26385,10275,10030
H7G,H7G,21157,8902,8537
H7H,H7H,13828,5047,4983
H7J,H7J,2215,927,872
H7K,H7K,22259,8105,8004
H7L,H7L,37252,12957,12784
H7M,H7M,27898,10821,10614
H7N,H7N,42318,19668,18887
H7P,H7P,35056,12973,12804
H7R,H7R,30051,10903,10698
H7S,H7S,7346,3138,3037
H7T,H7T,24155,9786,9426
H7V,H7V,22594,10205,9427
H7W,H7W,41619,17441,16385
H7X,H7X,26124,8929,8787
H7Y,H7Y,9796,3411,3331
H8N,H8N,29465,13177,12342
H8P,H8P,22706,10971,10280
H8R,H8R,29913,14205,13010
H8S,H8S,24407,11897,10912
H8T,H8T,14796,6950,6575
H8Y,H8Y,19057,7725,7340
H8Z,H8Z,15161,5730,5578
H9A,H9A,15691,5394,5269
H9B,H9B,20943,7619,7405
H9C,H9C,11613,4130,4049
H9E,H9E,3098,1281,1200
H9G,H9G,15512,5799,5708
H9H,H9H,25449,9802,9510
H9J,H9J,21728,7638,7433
H9K,H9K,8557,2802,2737
H9P,H9P,3925,1541,1505
H9R,H9R,23861,9342,9023
H9S,H9S,22580,10830,10244
H9W,H9W,19324,6828,6662
H9X,H9X,9702,3951,3640
J0A,J0A,18840,8996,7989
J0B,J0B,62359,32233,26489
J0C,J0C,22745,10130,9394
J0E,J0E,48182,27506,20995
J0G,J0G,18556,9287,8250
J0H,J0H,52238,22562,21295
J0J,J0J,41213,18808,17028
J0K,J0K,139128,75674,61387
J0L,J0L,75957,32166,30833
J0M,J0M,23550,6973,5900
J0N,J0N,49434,19321,18841
J0P,J0P,39721,17168,16236
J0R,J0R,35633,20314,16233
J0S,J0S,31968,15988,13758
J0T,J0T,46277,42108,22756
J0V,J0V,25928,17229,11839
J0W,J0W,16025,11296,7513
J0X,J0X,45720,32616,19891
J0Y,J0Y,29439,13560,11862
J0Z,J0Z,34120,17535,14555
J1A,J1A,9251,4290,4056
J1C,J1C,6626,2708,2667
J1E,J1E,23643,12425,11305
J1G,J1G,19936,9423,8997
J1H,J1H,27256,16625,14124
J1J,J1J,14462,7377,7013
J1K,J1K,6904,4043,3098
J1L,J1L,14301,7498,7015
J1M,J1M,5376,3007,2391
J1N,J1N,32394,13274,12980
J1R,J1R,10423,3959,3914
J1S,J1S,7919,3584,3372
J1T,J1T,7693,3931,3619
J1X,J1X,31584,17497,14459
J1Z,J1Z,5612,2173,2125
J2A,J2A,11724,4813,4646
J2B,J2B,30349,14637,13967
J2C,J2C,29763,14301,13786
J2E,J2E,4086,1830,1805
J2G,J2G,28283,14923,14317
J2H,J2H,19822,7802,7661
J2J,J2J,18115,8154,7969
J2K,J2K,16665,7674,7266
J2L,J2L,9052,5204,3959
J2M,J2M,6941,2901,2721
J2N,J2N,8909,4187,3894
J2R,J2R,10241,4332,4264
J2S,J2S,29128,14953,13953
J2T,J2T,16309,7782,7282
J2W,J2W,28279,10865,10739
J2X,J2X,19786,8274,8075
J2Y,J2Y,5672,2191,2175
J3A,J3A,8455,4887,4770
J3B,J3B,32742,15802,15067
J3E,J3E,29847,11184,11064
J3G,J3G,31982,13134,12856
J3H,J3H,25815,10477,10259
J3L,J3L,48606,19394,18798
J3M,J3M,10751,4529,4398
J3N,J3N,17059,6447,6391
J3P,J3P,24977,12623,11834
J3R,J3R,14199,7110,6761
J3T,J3T,8169,3751,3546
J3V,J3V,25953,10298,10124
J3X,J3X,21257,8315,8161
J3Y,J3Y,61954,25316,24853
J3Z,J3Z,4863,1521,1507
J4B,J4B,41671,17134,16888
J4G,J4G,9875,4653,4527
J4H,J4H,15144,8222,7740
J4J,J4J,29492,15261,14301
J4K,J4K,25903,13723,12646
J4L,J4L,30266,13883,12993
J4M,J4M,13048,4884,4776
J4N,J4N,9876,4638,4466
J4P,J4P,10798,5528,5061
J4R,J4R,9982,4813,4527
J4S,J4S,6155,3155,3022
J4T,J4T,17836,8275,7894
J4V,J4V,16543,7379,7079
J4W,J4W,18319,7506,7264
J4X,J4X,17657,6752,6615
J4Y,J4Y,23179,8867,8612
J4Z,J4Z,26576,11130,10771
J5A,J5A,27312,10263,10093
J5B,J5B,7443,2943,2880
J5C,J5C,17047,6845,6751
J5J,J5J,15690,6578,6225
J5K,J5K,16019,6200,5954
J5L,J5L,20067,8383,8067
J5M,J5M,20788,8360,8074
J5R,J5R,45157,17872,17529
J5T,J5T,13657,5507,5351
J5V,J5V,7152,3704,3519
J5W,J5W,25868,10426,10171
J5X,J5X,8693,3564,3398
J5Y,J5Y,29382,10965,10840
J5Z,J5Z,27327,11365,11177
J6A,J6A,33489,14508,14182
J6E,J6E,43876,21064,20240
J6J,J6J,23457,9750,9446
J6K,J6K,24449,9616,9352
J6N,J6N,15189,7118,6765
J6R,J6R,13115,4932,4839
J6S,J6S,23518,10934,10553
J6T,J6T,17227,8422,8070
J6V,J6V,12315,4679,4591
J6W,J6W,32007,13486,13207
J6X,J6X,23026,8766,8676
J6Y,J6Y,19967,6857,6693
J6Z,J6Z,18958,7476,7333
J7A,J7A,14083,5216,5130
J7B,J7B,13029,4253,4191
J7C,J7C,41925,16024,15702
J7E,J7E,30476,13875,13411
J7G,J7G,17218,7108,6981
J7H,J7H,6982,2823,2748
J7J,J7J,23008,9473,9142
J7K,J7K,34964,13932,13611
J7L,J7L,11728,4390,4289
J7M,J7M,24207,8815,8615
J7N,J7N,27495,10912,10481
J7P,J7P,24790,10839,10582
J7R,J7R,36714,15143,14858
J7T,J7T,26699,9534,9372
J7V,J7V,63003,24931,24236
J7W,J7W,14558,5556,5471
J7X,J7X,5368,2285,2200
J7Y,J7Y,24934,12233,11646
J7Z,J7Z,29351,14702,13931
J8A,J8A,9113,5073,4007
J8B,J8B,12919,7602,6283
J8C,J8C,10559,6798,5040
J8E,J8E,9687,8149,4574
J8G,J8G,7849,4895,3488
J8H,J8H,13810,7522,6454
J8L,J8L,18626,8408,7775
J8M,J8M,12981,5168,5058
J8N,J8N,12054,6886,4770
J8P,J8P,33621,15623,14810
J8R,J8R,29175,10972,10811
J8T,J8T,39349,18837,17821
J8V,J8V,26483,10093,9772
J8X,J8X,9749,6661,5474
J8Y,J8Y,23241,13170,11940
J8Z,J8Z,14938,7779,7232
J9A,J9A,21438,9798,9143
J9B,J9B,6898,2894,2607
J9E,J9E,7769,4013,3644
J9H,J9H,31023,13411,12780
J9J,J9J,32714,12516,11916
J9L,J9L,14002,6830,6319
J9P,J9P,32766,15458,14648
J9T,J9T,13381,6076,5791
J9V,J9V,3462,1870,1620
J9X,J9X,23669,12372,11480
J9Y,J9Y,10201,4185,3886
J9Z,J9Z,7340,3667,3432
K0A,K0A,103474,40512,38794
K0B,K0B,20945,9395,8714
K0C,K0C,52154,22366,21132
K0E,K0E,38903,18248,16177
K0G,K0G,37097,18931,15121
K0H,K0H,44019,25284,17479
K0J,K0J,33702,19946,14306
K0K,K0K,111372,51289,44868
K0L,K0L,71343,48033,30095
K0M,K0M,49388,37172,21430
K1A,K1A,589,484,352
K1B,K1B,17110,6826,6611
K1C,K1C,37662,14338,14172
K1E,K1E,14803,5815,5742
K1G,K1G,34075,15128,14195
K1H,K1H,15796,7180,6804
K1J,K1J,26931,11111,10652
K1K,K1K,29499,14212,13482
K1L,K1L,17021,10452,9369
K1M,K1M,6695,3180,2919
K1N,K1N,25063,16708,13262
K1P,K1P,340,469,230
K1R,K1R,18730,12095,10518
K1S,K1S,28660,14379,12757
K1T,K1T,35432,12557,12219
K1V,K1V,54835,22427,21048
K1W,K1W,10032,3420,3278
K1X,K1X,835,349,325
K1Y,K1Y,19774,9988,9458
K1Z,K1Z,20983,10909,10054
K2A,K2A,16790,7433,7205
K2B,K2B,32260,15640,14719
K2C,K2C,27941,12901,11863
K2E,K2E,19034,8424,7976
K2G,K2G,49222,18145,17506
K2H,K2H,26402,10879,10555
K2J,K2J,68963,23593,23145
K2K,K2K,24431,9326,8921
K2L,K2L,19162,7276,7208
K2M,K2M,27028,9308,9226
K2P,K2P,17603,13302,11706
K2R,K2R,1188,412,393
K2S,K2S,32061,11125,11008
K2T,K2T,9447,3138,3096
K2V,K2V,2435,887,827
K2W,K2W,8660,2624,2603
K4A,K4A,54524,18677,18544
K4B,K4B,4793,1771,1732
K4C,K4C,4530,1623,1578
K4K,K4K,15368,6118,5977
K4M,K4M,11009,4165,4019
K4P,K4P,9821,3336,3273
K4R,K4R,7435,2639,2595
K6A,K6A,12538,6231,5917
K6H,K6H,30949,14455,13515
K6J,K6J,17644,8221,8000
K6K,K6K,3153,1293,1284
K6T,K6T,556,207,203
K6V,K6V,27782,13427,12688
K7A,K7A,16626,7507,7083
K7C,K7C,17666,7459,6956
K7G,K7G,8297,4035,3683
K7H,K7H,15009,7888,6540
K7K,K7K,31621,16175,14418
K7L,K7L,17749,11904,8441
K7M,K7M,47676,21655,20605
K7N,K7N,7900,3060,3007
K7P,K7P,21653,8308,8178
K7R,K7R,14406,6541,6034
K7S,K7S,12986,5899,5608
K7V,K7V,13438,6619,5997
K8A,K8A,25771,11691,10925
K8B,K8B,442,159,156
K8H,K8H,15205,5922,5555
K8N,K8N,28462,12984,12363
K8P,K8P,21289,9686,9243
K8R,K8R,1418,544,539
K8V,K8V,27192,11792,11384
K9A,K9A,25677,11353,10999
K9H,K9H,28597,14046,12960
K9J,K9J,43047,19192,18207
K9K,K9K,13155,5105,4927
K9L,K9L,7364,2923,2811
K9V,K9V,27760,12554,11654
L0A,L0A,13590,5089,4940
L0B,L0B,15146,5988,5615
L0C,L0C,9414,3539,3383
L0E,L0E,20497,9815,8027
L0G,L0G,39873,14486,13986
L0H,L0H,3385,1192,1124
L0J,L0J,5003,1512,1433
L0K,L0K,34722,21324,14461
L0L,L0L,46902,21825,17286
L0M,L0M,35844,13706,12715
L0N,L0N,5050,2111,1772
L0P,L0P,8543,3202,2915
L0R,L0R,97999,35050,34415
L0S,L0S,55265,26504,22237
L1A,L1A,15304,6739,6536
L1B,L1B,11977,4745,4656
L1C,L1C,43531,15805,15537
L1E,L1E,27117,9321,9233
L1G,L1G,41124,18496,17836
L1H,L1H,31261,14143,13424
L1J,L1J,41793,17472,16897
L1K,L1K,39697,12815,12704
L1L,L1L,5742,2023,1799
L1M,L1M,21878,6842,6752
L1N,L1N,47572,18892,18459
L1P,L1P,17479,5443,5427
L1R,L1R,40287,12624,12507
L1S,L1S,40689,15436,15172
L1T,L1T,50536,14512,14320
L1V,L1V,51910,17740,17470
L1W,L1W,17033,6791,6549
L1X,L1X,19481,5855,5717
L1Y,L1Y,2005,740,711
L1Z,L1Z,28446,8154,8054
L2A,L2A,16532,7529,6944
L2E,L2E,20956,9906,9289
L2G,L2G,26096,11711,11148
L2H,L2H,25616,9140,8916
L2J,L2J,14463,6121,6051
L2M,L2M,32759,14395,14020
L2N,L2N,30648,13306,13068
L2P,L2P,14517,6432,6210
L2R,L2R,24496,12535,11432
L2S,L2S,19006,7503,7256
L2T,L2T,10684,5398,4571
L2V,L2V,16268,7509,6499
L2W,L2W,2043,678,671
L3B,L3B,22980,10728,10255
L3C,L3C,31670,13545,13159
L3K,L3K,18226,8708,8028
L3M,L3M,26845,10417,10214
L3P,L3P,37764,12889,12601
L3R,L3R,62298,20441,19587
L3S,L3S,56117,14906,14287
L3T,L3T,50669,20181,19526
L3V,L3V,44915,20774,18841
L3X,L3X,42239,13013,12857
L3Y,L3Y,44469,17251,16690
L3Z,L3Z,33666,11312,11009
L4A,L4A,42174,14433,14174
L4B,L4B,35858,12367,11975
L4C,L4C,71152,27583,26312
L4E,L4E,52207,15905,15449
L4G,L4G,55445,19381,18851
L4H,L4H,68382,19325,19003
L4J,L4J,77214,26277,25783
L4K,L4K,15591,5558,5033
L4L,L4L,54282,18774,18224
L4M,L4M,45991,18988,18005
L4N,L4N,98663,36532,35628
L4P,L4P,28916,10856,10297
L4R,L4R,18153,8286,7901
L4S,L4S,35803,10607,10379
L4T,L4T,38445,12359,11459
L4V,L4V,5,1,1
L4W,L4W,20761,7337,7199
L4X,L4X,19592,7183,6928
L4Y,L4Y,23796,9170,9012
L4Z,L4Z,38102,13151,12758
L5A,L5A,47828,18649,18283
L5B,L5B,63394,26478,24822
L5C,L5C,29687,10243,9842
L5E,L5E,12731,5438,5309
L5G,L5G,20206,8892,8599
L5H,L5H,17608,6535,6330
L5J,L5J,28089,10588,10404
L5K,L5K,13967,4722,4669
L5L,L5L,44860,15619,15262
L5M,L5M,104868,32003,31049
L5N,L5N,84829,27354,27003
L5R,L5R,37126,12508,12064
L5S,L5S,5,1,1
L5T,L5T,5,10,4
L5V,L5V,50821,13858,13621
L5W,L5W,24871,6370,6294
L6A,L6A,85794,25222,24787
L6B,L6B,29411,8497,8298
L6C,L6C,50929,15344,15045
L6E,L6E,36356,10714,10561
L6G,L6G,5370,3139,2752
L6H,L6H,60913,21246,20544
L6J,L6J,24673,8639,8313
L6K,L6K,13009,6236,5771
L6L,L6L,29742,11708,11296
L6M,L6M,65493,20788,20345
L6P,L6P,82182,19288,18807
L6R,L6R,88002,21754,21089
L6S,L6S,53308,17526,16925
L6T,L6T,38451,13943,13419
L6V,L6V,41853,14529,13913
L6W,L6W,22128,8381,8107
L6X,L6X,67070,19891,19341
L6Y,L6Y,87654,26401,25363
L6Z,L6Z,32749,10267,9944
L7A,L7A,80236,21449,21103
L7B,L7B,14863,5104,4745
L7C,L7C,24632,7875,7599
L7E,L7E,33934,11128,10894
L7G,L7G,46057,16025,15745
L7J,L7J,13634,5026,4924
L7K,L7K,8231,3123,2857
L7L,L7L,46761,17484,17232
L7M,L7M,47925,16791,16709
L7N,L7N,12972,5365,5290
L7P,L7P,29700,11065,10910
L7R,L7R,15866,7752,7516
L7S,L7S,12191,6322,6106
L7T,L7T,17728,7666,7532
L8E,L8E,39398,14798,14397
L8G,L8G,21547,9207,9059
L8H,L8H,25892,11720,11086
L8J,L8J,24381,7885,7801
L8K,L8K,31449,14097,13713
L8L,L8L,30825,14463,12532
L8M,L8M,13533,7053,6224
L8N,L8N,13819,8087,7086
L8P,L8P,22734,13919,12799
L8R,L8R,10817,5767,5126
L8S,L8S,14311,8644,6449
L8T,L8T,19042,7878,7749
L8V,L8V,21207,9626,9389
L8W,L8W,25793,8417,8347
L9A,L9A,24904,10074,9886
L9B,L9B,24033,8079,7969
L9C,L9C,40155,15018,14612
L9E,L9E,723,395,205
L9G,L9G,23560,8431,8305
L9H,L9H,31125,12548,12272
L9J,L9J,596,279,262
L9K,L9K,14264,4404,4353
L9L,L9L,14897,5934,5709
L9M,L9M,14825,8424,6076
L9N,L9N,11533,3944,3864
L9P,L9P,16814,6326,6132
L9R,L9R,21313,8440,8229
L9S,L9S,28567,11360,10398
L9T,L9T,103839,32977,32125
L9V,L9V,13643,4783,4703
L9W,L9W,44867,16430,16027
L9Y,L9Y,24766,15276,10918
L9Z,L9Z,20647,12494,8998
M1B,M1B,66108,20957,20230
M1C,M1C,35626,11588,11274
M1E,M1E,46943,17637,17161
M1G,M1G,29690,10116,9767
M1H,M1H,24383,9274,8985
M1J,M1J,36699,12797,12274
M1K,M1K,48434,18620,17930
M1L,M1L,35081,12884,12428
M1M,M1M,22913,8908,8623
M1N,M1N,22136,9535,9095
M1P,M1P,45571,17129,16540
M1R,M1R,29858,11141,10767
M1S,M1S,37769,13195,12644
M1T,M1T,34588,13394,12949
M1V,M1V,54680,16449,16092
M1W,M1W,48471,16597,16173
M1X,M1X,15097,3739,3649
M2H,M2H,24497,9093,8700
M2J,M2J,58293,22524,21876
M2K,M2K,23852,11147,10540
M2L,M2L,11717,4154,3974
M2M,M2M,32320,13086,12399
M2N,M2N,75897,36123,33765
M2P,M2P,7843,3155,3020
M2R,M2R,40792,16062,15575
M3A,M3A,34615,13847,13241
M3B,M3B,13324,5193,5001
M3C,M3C,39153,16199,15851
M3H,M3H,37011,14921,14226
M3J,M3J,25473,10196,9407
M3K,M3K,5997,2290,2208
M3L,M3L,17339,6656,5824
M3M,M3M,24046,9706,9234
M3N,M3N,41958,14523,13841
M4A,M4A,14443,6299,6170
M4B,M4B,18628,7872,7599
M4C,M4C,46866,20178,19431
M4E,M4E,25044,11284,10784
M4G,M4G,19076,8108,7731
M4H,M4H,19688,6475,6415
M4J,M4J,35738,15312,14754
M4K,M4K,31583,15198,14556
M4L,M4L,32640,14634,13901
M4M,M4M,24689,11393,10787
M4N,M4N,15330,6497,6190
M4P,M4P,20039,12207,11487
M4R,M4R,11394,5332,5036
M4S,M4S,26506,14011,13397
M4T,M4T,10463,5499,5212
M4V,M4V,18241,10308,9666
M4W,M4W,14561,7918,7267
M4X,M4X,20822,10809,10306
M4Y,M4Y,30472,21975,19665
M5A,M5A,41078,24186,22333
M5B,M5B,12785,8249,7058
M5C,M5C,2951,1879,1721
M5E,M5E,9118,6232,5682
M5G,M5G,8423,5876,4929
M5H,M5H,2005,1718,1243
M5J,M5J,14545,9913,8649
M5K,M5K,0,1,1
M5L,M5L,0,1,1
M5M,M5M,25975,9824,9408
M5N,M5N,16610,6889,6486
M5P,M5P,19423,10078,9350
M5R,M5R,26496,15786,13953
M5S,M5S,15372,9380,7878
M5T,M5T,17748,9480,8537
M5V,M5V,49195,35058,30726
M5W,M5W,15,11,9
M5X,M5X,10,5,3
M6A,M6A,21048,8751,8074
M6B,M6B,28522,11375,10728
M6C,M6C,24596,11043,10484
M6E,M6E,38041,15809,14721
M6G,M6G,32086,14312,13424
M6H,M6H,44950,20573,19209
M6J,M6J,32684,16333,15063
M6K,M6K,40957,23344,22023
M6L,M6L,20616,7611,7387
M6M,M6M,42434,16799,16020
M6N,M6N,41243,17239,16250
M6P,M6P,40035,19924,18972
M6R,M6R,19857,9205,8598
M6S,M6S,34299,15261,14655
M7A,M7A,10,6,5
M7Y,M7Y,10,7,7
M8V,M8V,37975,22268,19601
M8W,M8W,20674,9161,8770
M8X,M8X,10787,4680,4523
M8Y,M8Y,21299,10485,9782
M8Z,M8Z,17038,7046,6782
M9A,M9A,35594,15730,15119
M9B,M9B,32400,12617,12292
M9C,M9C,38291,15402,15111
M9L,M9L,11950,4122,3746
M9M,M9M,22263,7757,7310
M9N,M9N,25074,10713,10171
M9P,M9P,20874,8198,7906
M9R,M9R,33743,12755,12336
M9V,M9V,55959,17590,16808
M9W,M9W,40684,14487,13704
N0A,N0A,29853,13934,12148
N0B,N0B,80222,28639,27697
N0C,N0C,15438,7727,6087
N0E,N0E,34772,14817,12882
N0G,N0G,83818,34954,31871
N0H,N0H,48330,32659,20863
N0J,N0J,32428,11664,11235
N0K,N0K,24378,9147,8823
N0L,N0L,46908,18494,17687
N0M,N0M,64764,30347,25829
N0N,N0N,40649,18043,16158
N0P,N0P,52190,23164,20931
N0R,N0R,46403,18471,16941
N1A,N1A,12000,5255,4784
N1C,N1C,3829,1244,1236
N1E,N1E,40591,16553,16063
N1G,N1G,27330,12615,10554
N1H,N1H,43789,19963,19077
N1K,N1K,9266,2880,2854
N1L,N1L,14311,5367,4917
N1M,N1M,15998,6696,6319
N1P,N1P,7594,2338,2328
N1R,N1R,42210,17534,16948
N1S,N1S,19510,7760,7602
N1T,N1T,17670,5304,5244
N2A,N2A,29858,11360,11125
N2B,N2B,16501,7256,7115
N2C,N2C,16111,7219,6912
N2E,N2E,39149,13901,13692
N2G,N2G,13407,7718,7044
N2H,N2H,21058,10982,10273
N2J,N2J,18659,10335,8691
N2K,N2K,27253,9747,9607
N2L,N2L,27758,15798,11944
N2M,N2M,33221,15003,14504
N2N,N2N,26490,8907,8812
N2P,N2P,19975,7236,6963
N2R,N2R,12302,4008,3952
N2T,N2T,20701,6980,6909
N2V,N2V,16900,5563,5461
N2Z,N2Z,10856,6044,4674
N3A,N3A,16123,5966,5907
N3B,N3B,12418,4466,4400
N3C,N3C,26662,9272,9161
N3E,N3E,279,92,92
N3H,N3H,21544,9163,8896
N3L,N3L,14684,5665,5519
N3P,N3P,8597,3192,3142
N3R,N3R,34276,14393,14030
N3S,N3S,25765,11461,10943
N3T,N3T,34317,13698,13042
N3V,N3V,1607,551,549
N3W,N3W,13409,4847,4805
N3Y,N3Y,22419,9919,9461
N4B,N4B,7772,3271,3169
N4G,N4G,19389,8567,8346
N4K,N4K,28286,13102,12441
N4L,N4L,8117,4180,3620
N4N,N4N,9901,4402,4227
N4S,N4S,32254,14111,13758
N4T,N4T,10818,4264,4208
N4V,N4V,2983,1141,1119
N4W,N4W,11199,4471,4254
N4X,N4X,9791,4041,3938
N4Z,N4Z,2432,903,892
N5A,N5A,31302,14233,13777
N5C,N5C,14856,5954,5829
N5H,N5H,15199,5535,5295
N5L,N5L,2795,1646,1304
N5P,N5P,19945,8456,8158
N5R,N5R,27368,11718,11440
N5V,N5V,30857,13021,12176
N5W,N5W,23250,11949,11082
N5X,N5X,32897,12663,12236
N5Y,N5Y,34037,16251,15225
N5Z,N5Z,23755,10947,10491
N6A,N6A,11317,9086,6160
N6B,N6B,10103,6967,6120
N6C,N6C,30510,14957,14333
N6E,N6E,27508,10342,10187
N6G,N6G,40677,17075,14956
N6H,N6H,40604,19456,18155
N6J,N6J,26943,12931,12536
N6K,N6K,34766,14106,13769
N6L,N6L,3023,943,915
N6M,N6M,5747,1920,1905
N6N,N6N,671,291,272
N6P,N6P,8796,3316,3249
N7A,N7A,11720,6224,5237
N7G,N7G,17880,7160,7017
N7L,N7L,24724,11268,10891
N7M,N7M,24479,10992,10396
N7S,N7S,27879,11385,11117
N7T,N7T,26347,14051,13122
N7V,N7V,11877,5737,5588
N7W,N7W,1935,951,945
N7X,N7X,1094,465,446
N8A,N8A,13975,6473,6030
N8H,N8H,25905,10088,9422
N8M,N8M,11110,4560,4478
N8N,N8N,24162,9374,9253
N8P,N8P,12195,4676,4613
N8R,N8R,12085,4350,4285
N8S,N8S,21819,10681,10475
N8T,N8T,17658,7875,7695
N8W,N8W,23796,9902,9681
N8X,N8X,15575,7771,7172
N8Y,N8Y,18935,9869,9214
N9A,N9A,25160,14279,12303
N9B,N9B,17804,8138,7020
N9C,N9C,11484,6021,5187
N9E,N9E,20688,7642,7541
N9G,N9G,19787,6520,6401
N9H,N9H,10227,3653,3639
N9J,N9J,19358,6956,6860
N9K,N9K,2761,796,795
N9V,N9V,20208,8195,7880
N9Y,N9Y,14814,6049,5718
P0A,P0A,16481,15204,7421
P0B,P0B,9138,9088,3803
P0C,P0C,3834,6501,1713
P0E,P0E,3149,3171,1352
P0G,P0G,3119,4818,1406
P0H,P0H,31187,16641,12827
P0J,P0J,20848,10032,8996
P0K,P0K,11374,6403,5069
P0L,P0L,24896,11320,9763
P0M,P0M,49750,25244,20929
P0N,P0N,9420,4388,3841
P0P,P0P,19461,12688,8273
P0R,P0R,12479,8586,5545
P0S,P0S,9869,6598,4268
P0T,P0T,33027,18650,13680
P0V,P0V,21722,9141,6931
P0W,P0W,6410,3909,2489
P0X,P0X,8133,6454,3098
P0Y,P0Y,30,211,18
P1A,P1A,16586,7608,7124
P1B,P1B,32345,16493,14725
P1C,P1C,3395,1167,1149
P1H,P1H,16271,9340,6823
P1L,P1L,16548,9258,6954
P1P,P1P,10393,6743,4186
P2A,P2A,12990,9449,5680
P2B,P2B,9747,4548,4324
P2N,P2N,7188,4095,3475
P3A,P3A,24053,10613,10101
P3B,P3B,15548,8121,7324
P3C,P3C,16249,10022,8490
P3E,P3E,27210,13659,12308
P3G,P3G,4001,1709,1532
P3L,P3L,8036,3238,3108
P3N,P3N,8125,3163,3069
P3P,P3P,15468,5867,5661
P3Y,P3Y,7455,3068,2917
P4N,P4N,24575,12018,10994
P4P,P4P,3367,1326,1281
P4R,P4R,4847,1867,1815
P5A,P5A,10741,6259,5514
P5E,P5E,5229,2477,2292
P5N,P5N,8467,4159,3870
P6A,P6A,34720,16407,15112
P6B,P6B,22847,10948,10488
P6C,P6C,19322,8842,8453
P7A,P7A,28418,14372,12949
P7B,P7B,21917,11123,9944
P7C,P7C,21880,10008,9403
P7E,P7E,20997,10333,9700
P7G,P7G,12432,5305,4619
P7J,P7J,5130,1882,1803
P7K,P7K,6521,2552,2520
P7L,P7L,1942,1079,797
P8N,P8N,10048,4481,4293
P8T,P8T,5002,2103,1902
P9A,P9A,10651,5602,4495
P9N,P9N,14009,6854,5902
R0A,R0A,46213,17934,15208
R0B,R0B,48048,13648,11378
R0C,R0C,52620,27256,19948
R0E,R0E,46836,28967,18344
R0G,R0G,44069,16537,15573
R0H,R0H,16938,5481,4948
R0J,R0J,27342,14437,10970
R0K,R0K,27772,12167,10594
R0L,R0L,26815,13391,11061
R0M,R0M,19864,9426,8064
R1A,R1A,21390,8393,8164
R1B,R1B,252,143,140
R1C,R1C,3714,1407,1393
R1N,R1N,16788,7104,6767
R2C,R2C,33556,12841,12648
R2E,R2E,9256,3266,3224
R2G,R2G,33030,15189,14625
R2H,R2H,15914,8016,7619
R2J,R2J,26499,10733,10472
R2K,R2K,33413,13523,13228
R2L,R2L,14818,6606,6271
R2M,R2M,38195,17067,16581
R2N,R2N,30306,11498,11282
R2P,R2P,32557,9985,9828
R2R,R2R,21377,6715,6353
R2V,R2V,35235,14043,13630
R2W,R2W,28874,12415,10861
R2X,R2X,19149,6959,6591
R2Y,R2Y,19887,8543,8410
R3A,R3A,4711,2166,1640
R3B,R3B,12963,6851,5835
R3C,R3C,14364,9756,8605
R3E,R3E,19703,7517,6958
R3G,R3G,25490,11051,10418
R3H,R3H,106,49,38
R3J,R3J,27636,12835,12379
R3K,R3K,12444,5389,5281
R3L,R3L,20078,11516,10955
R3M,R3M,22582,10806,10358
R3N,R3N,16847,7541,7328
R3P,R3P,19605,7434,7194
R3R,R3R,24684,9923,9814
R3S,R3S,538,180,176
R3T,R3T,48009,19623,18638
R3V,R3V,6400,2474,2405
R3W,R3W,9845,3281,3220
R3X,R3X,17962,5956,5854
R3Y,R3Y,21896,7108,6840
R4A,R4A,4520,1497,1487
R4G,R4G,1174,371,367
R4H,R4H,2611,748,727
R4J,R4J,953,341,334
R4K,R4K,883,212,204
R4L,R4L,1219,438,422
R5A,R5A,3408,1227,1207
R5G,R5G,21738,7984,7673
R5H,R5H,5839,2192,2150
R6M,R6M,10229,4114,3957
R6W,R6W,20229,6430,6316
R7A,R7A,29405,12840,12000
R7B,R7B,20977,8850,8505
R7C,R7C,2448,1324,1229
R7N,R7N,10321,4811,4407
R8A,R8A,5300,2788,2397
R8N,R8N,13848,5549,4977
R9A,R9A,6673,2886,2580
S0A,S0A,52641,27875,22724
S0C,S0C,23395,11902,9439
S0E,S0E,32755,15953,13433
S0G,S0G,63488,32196,25622
S0H,S0H,22746,11569,9473
S0J,S0J,49995,24869,16778
S0K,S0K,89853,36787,33015
S0L,S0L,30870,14629,12447
S0M,S0M,48321,22858,16620
S0N,S0N,21447,10149,8206
S0P,S0P,7249,2259,1904
S2V,S2V,865,555,344
S3N,S3N,18658,8412,7863
S4A,S4A,12481,5719,5038
S4H,S4H,11193,5254,4705
S4L,S4L,5646,1887,1838
S4M,S4M,153,77,74
S4N,S4N,31167,12834,12260
S4P,S4P,13423,8089,7176
S4R,S4R,35561,14862,14273
S4S,S4S,34958,15107,14501
S4T,S4T,31932,15149,13693
S4V,S4V,28386,11211,10530
S4W,S4W,8283,3706,3156
S4X,S4X,27895,10875,10491
S4Y,S4Y,4537,1500,1486
S4Z,S4Z,1200,634,582
S6H,S6H,27471,13150,12034
S6J,S6J,5317,2350,2161
S6K,S6K,1415,493,475
S6V,S6V,41092,17098,15496
S6W,S6W,141,90,70
S6X,S6X,2141,713,697
S7H,S7H,35686,17129,15780
S7J,S7J,31223,13279,12694
S7K,S7K,39174,18180,16844
S7L,S7L,39478,15728,14670
S7M,S7M,31112,13868,12256
S7N,S7N,27214,12361,11311
S7P,S7P,158,51,49
S7R,S7R,8056,2663,2589
S7S,S7S,5906,2325,2164
S7T,S7T,13202,5387,4797
S7V,S7V,10780,4293,4009
S7W,S7W,13625,5268,4652
S9A,S9A,15547,6916,6317
S9H,S9H,18070,8241,7712
S9V,S9V,14694,6082,5420
S9X,S9X,7798,3005,2759
T0A,T0A,59234,27713,21711
T0B,T0B,64072,28009,24427
T0C,T0C,62701,28739,23081
T0E,T0E,43729,22179,16779
T0G,T0G,42905,18519,15103
T0H,T0H,84336,33105,28826
T0J,T0J,50783,19938,17953
T0K,T0K,55487,20521,17681
T0L,T0L,61161,23366,21063
T0M,T0M,67484,29041,25889
T0P,T0P,3631,1627,1241
T0V,T0V,19,19,7
T1A,T1A,25409,12276,11501
T1B,T1B,32769,13312,12851
T1C,T1C,9391,3970,3817
T1G,T1G,10339,3956,3721
T1H,T1H,27385,11443,11050
T1J,T1J,22960,10245,9438
T1K,T1K,45932,19288,18129
T1L,T1L,7442,2581,2398
T1M,T1M,9379,3423,3358
T1P,T1P,16843,6537,6235
T1R,T1R,17011,6373,5965
T1S,T1S,32951,11317,11075
T1V,T1V,15593,6424,6082
T1W,T1W,14755,8416,6047
T1X,T1X,22496,7192,7017
T1Y,T1Y,57237,19139,18220
T1Z,T1Z,639,150,127
T2A,T2A,59641,22652,21108
T2B,T2B,23418,9953,9313
T2C,T2C,20406,8332,8011
T2E,T2E,34729,17958,16619
T2G,T2G,14370,8593,7457
T2H,T2H,9372,4395,4157
T2J,T2J,46394,18714,18285
T2K,T2K,35544,15376,14728
T2L,T2L,14214,6539,6146
T2M,T2M,21086,9925,9074
T2N,T2N,26342,12601,11561
T2P,T2P,13056,8723,7215
T2R,T2R,13879,10715,8981
T2S,T2S,14637,8485,7727
T2T,T2T,29706,15860,14501
T2V,T2V,33450,15417,14642
T2W,T2W,42377,17227,16703
T2X,T2X,43339,15029,14543
T2Y,T2Y,61344,21111,20886
T2Z,T2Z,68438,24669,24417
T3A,T3A,53224,19393,18949
T3B,T3B,37348,15638,15164
T3C,T3C,23519,12429,11111
T3E,T3E,41415,18806,17855
T3G,T3G,59025,21018,20685
T3H,T3H,71251,25098,24777
T3J,T3J,77605,20910,20223
T3K,T3K,80792,27353,27044
T3L,T3L,30168,10093,10014
T3M,T3M,40268,14202,13682
T3N,T3N,12483,4042,3835
T3P,T3P,15578,5038,4859
T3R,T3R,23866,8045,7657
T3S,T3S,303,125,116
T3Z,T3Z,11209,3736,3634
T4A,T4A,16054,5878,5718
T4B,T4B,48548,17592,16974
T4C,T4C,30566,12051,11414
T4E,T4E,2252,911,831
T4G,T4G,12696,5494,4676
T4H,T4H,12316,5212,4869
T4J,T4J,11373,4761,4445
T4L,T4L,17128,6947,6309
T4M,T4M,4742,1736,1606
T4N,T4N,33829,16755,15311
T4P,T4P,32478,12802,12315
T4R,T4R,36570,13663,13260
T4S,T4S,20374,9155,7747
T4T,T4T,13389,5433,5029
T4V,T4V,20843,9243,8769
T4X,T4X,20715,7279,6765
T5A,T5A,35049,14221,13484
T5B,T5B,15746,8036,7063
T5C,T5C,16192,6526,6135
T5E,T5E,32242,12636,11930
T5G,T5G,12793,6573,5669
T5H,T5H,26290,15596,13111
T5J,T5J,5281,3930,3204
T5K,T5K,22814,15770,14230
T5L,T5L,17124,6841,6461
T5M,T5M,15261,7342,6658
T5N,T5N,14579,7670,6912
T5P,T5P,21557,10130,9251
T5R,T5R,25867,10211,9848
T5S,T5S,4843,2086,1964
T5T,T5T,69914,27047,25910
T5V,T5V,146,52,49
T5W,T5W,20652,8971,8414
T5X,T5X,41912,15073,14662
T5Y,T5Y,45947,17081,16083
T5Z,T5Z,30715,10503,9920
T6A,T6A,14767,6759,6241
T6B,T6B,9503,4257,4011
T6C,T6C,20587,10001,9287
T6E,T6E,22674,13932,12143
T6G,T6G,12634,6636,5377
T6H,T6H,30171,13127,12287
T6J,T6J,47109,19266,18391
T6K,T6K,29838,10669,10349
T6L,T6L,51562,18415,17779
T6M,T6M,28187,10006,9445
T6N,T6N,25,1,1
T6P,T6P,1798,884,846
T6R,T6R,45145,16082,15436
T6S,T6S,96,54,40
T6T,T6T,37150,11270,10919
T6V,T6V,19927,6895,6621
T6W,T6W,50904,21001,18977
T6X,T6X,35649,12428,11747
T7A,T7A,11756,4872,4440
T7E,T7E,13989,6079,5426
T7N,T7N,7795,3256,3119
T7P,T7P,7536,3182,2950
T7S,T7S,12691,5171,4645
T7V,T7V,10575,4652,4197
T7X,T7X,44071,16767,15968
T7Y,T7Y,6891,2495,2406
T7Z,T7Z,26014,10269,9765
T8A,T8A,43987,16225,16057
T8B,T8B,6440,2228,2156
T8C,T8C,4502,1575,1537
T8E,T8E,8104,2910,2825
T8G,T8G,4848,1881,1769
T8H,T8H,28688,10978,10710
T8L,T8L,26423,10797,10057
T8N,T8N,65527,24439,23947
T8R,T8R,15088,5488,5233
T8S,T8S,8007,3377,3007
T8T,T8T,7037,2500,2335
T8V,T8V,31893,14508,12865
T8W,T8W,21466,7796,7338
T8X,T8X,19287,7214,6645
T9A,T9A,15660,6736,6236
T9C,T9C,6831,3219,2866
T9E,T9E,31710,13006,11968
T9G,T9G,7159,2757,2634
T9H,T9H,26732,12129,10054
T9J,T9J,3630,1780,1382
T9K,T9K,39305,15844,13541
T9M,T9M,18253,7892,6716
T9N,T9N,9082,3775,3369
T9S,T9S,6898,3385,2704
T9V,T9V,20959,8919,7893
T9W,T9W,8062,3391,3137
T9X,T9X,5841,2724,2412
V0A,V0A,13920,9089,5984
V0B,V0B,33080,20312,14583
V0C,V0C,28830,13041,10824
V0E,V0E,65606,37976,28846
V0G,V0G,26047,13969,11841
V0H,V0H,53380,29157,23835
V0J,V0J,52919,24666,20967
V0K,V0K,32908,20106,14878
V0L,V0L,4577,2619,1939
V0M,V0M,11761,5425,4539
V0N,V0N,79501,49181,34321
V0P,V0P,6726,4491,3190
V0R,V0R,66795,34690,29112
V0S,V0S,266,159,105
V0T,V0T,8645,4414,3584
V0V,V0V,2033,969,703
V0W,V0W,557,514,281
V0X,V0X,20629,11525,9154
V1A,V1A,8414,4702,3758
V1B,V1B,21395,9458,8188
V1C,V1C,25413,11085,10668
V1E,V1E,19344,8538,8132
V1G,V1G,15676,7456,6375
V1H,V1H,13427,7393,5871
V1J,V1J,23782,10884,9291
V1K,V1K,9265,4286,3893
V1L,V1L,16801,8321,7604
V1M,V1M,31176,11553,11212
V1N,V1N,12546,5835,5446
V1P,V1P,8028,3440,2851
V1R,V1R,10021,5112,4727
V1S,V1S,11279,4428,4246
V1T,V1T,27997,13376,12761
V1V,V1V,21155,9347,8659
V1W,V1W,34573,14778,13764
V1X,V1X,33273,14135,13489
V1Y,V1Y,34310,17952,16721
V1Z,V1Z,14368,6359,5639
V2A,V2A,37469,18518,17269
V2B,V2B,39843,17113,16215
V2C,V2C,23661,11685,10542
V2E,V2E,14672,5802,5569
V2G,V2G,17970,8238,7488
V2H,V2H,6201,2878,2622
V2J,V2J,22667,10445,9812
V2K,V2K,20924,8684,8248
V2L,V2L,9947,4835,4371
V2M,V2M,23318,10727,9964
V2N,V2N,32137,12978,12366
V2P,V2P,36329,15937,15171
V2R,V2R,48608,19769,18613
V2S,V2S,48647,19973,19088
V2T,V2T,56111,19304,18133
V2V,V2V,33534,12865,11915
V2W,V2W,19022,6383,6114
V2X,V2X,47944,19786,19141
V2Y,V2Y,35222,12739,12205
V2Z,V2Z,15520,6052,5791
V3A,V3A,42397,18582,17945
V3B,V3B,56524,23040,21861
V3C,V3C,38818,14989,14419
V3E,V3E,39365,13281,12758
V3G,V3G,24150,8477,8054
V3H,V3H,37222,14627,14207
V3J,V3J,40921,17225,16124
V3K,V3K,30495,12353,11690
V3L,V3L,27724,13215,12659
V3M,V3M,43423,21074,20102
V3N,V3N,39354,15148,14496
V3R,V3R,57844,21060,20061
V3S,V3S,95349,31890,29782
V3T,V3T,38549,16854,15416
V3V,V3V,48927,15176,14108
V3W,V3W,92447,28851,27186
V3X,V3X,28510,8976,8248
V3Y,V3Y,18861,7445,7267
V3Z,V3Z,29265,11493,10499
V4A,V4A,36390,15450,14854
V4B,V4B,19952,10856,10005
V4C,V4C,44169,14979,13861
V4E,V4E,11839,3941,3799
V4G,V4G,86,41,36
V4K,V4K,24414,9566,9346
V4L,V4L,7893,3532,3424
V4M,V4M,14512,5849,5566
V4N,V4N,78675,26534,25159
V4P,V4P,12224,5006,4766
V4R,V4R,15285,5232,5007
V4S,V4S,7326,2556,2453
V4T,V4T,27996,12021,11332
V4V,V4V,14614,7235,5953
V4W,V4W,19443,7378,6994
V4X,V4X,12774,4112,3856
V4Z,V4Z,4851,1900,1599
V5A,V5A,23960,9741,9177
V5B,V5B,22454,8842,8371
V5C,V5C,30408,13518,12828
V5E,V5E,26272,10944,10393
V5G,V5G,19862,7476,7040
V5H,V5H,38845,19530,17889
V5J,V5J,21918,8388,7721
V5K,V5K,23016,9129,8504
V5L,V5L,19720,10810,10272
V5M,V5M,23053,8909,8241
V5N,V5N,35045,15331,14351
V5P,V5P,31920,11594,10466
V5R,V5R,46565,19034,16927
V5S,V5S,28773,11155,10450
V5T,V5T,23911,13710,12924
V5V,V5V,24560,10065,9253
V5W,V5W,19706,7935,7111
V5X,V5X,28820,10751,9340
V5Y,V5Y,17201,8757,7915
V5Z,V5Z,22547,11399,10768
V6A,V6A,18719,10551,9286
V6B,V6B,29376,19099,16962
V6C,V6C,2554,1853,1355
V6E,V6E,26907,18399,16826
V6G,V6G,27198,18893,17691
V6H,V6H,17848,10467,10075
V6J,V6J,22188,13162,12426
V6K,V6K,26424,14875,13812
V6L,V6L,10479,4082,3716
V6M,V6M,16348,7443,6905
V6N,V6N,14057,5302,4794
V6P,V6P,30697,13465,12718
V6R,V6R,19416,9124,8303
V6S,V6S,12152,5384,4599
V6T,V6T,12722,6489,4648
V6V,V6V,11177,3540,3467
V6W,V6W,1628,773,684
V6X,V6X,33695,14352,13000
V6Y,V6Y,47768,20586,19618
V6Z,V6Z,17832,11392,10125
V7A,V7A,26618,9316,8892
V7B,V7B,814,302,298
V7C,V7C,39252,14742,13958
V7E,V7E,37357,13867,13540
V7G,V7G,11673,4605,4408
V7H,V7H,13232,4839,4749
V7J,V7J,16743,6570,6270
V7K,V7K,12391,4326,4177
V7L,V7L,26608,13130,12140
V7M,V7M,20181,10907,10205
V7N,V7N,14883,5844,5441
V7P,V7P,13034,5719,5454
V7R,V7R,14770,5275,4980
V7S,V7S,10521,4350,3721
V7T,V7T,9274,4185,3847
V7V,V7V,14952,7179,6541
V7W,V7W,8611,3582,3222
V7X,V7X,0,1,1
V7Y,V7Y,5,1,1
V8A,V8A,18135,9122,8355
V8B,V8B,11772,4709,4489
V8C,V8C,8131,4244,3500
V8G,V8G,19144,8350,7675
V8J,V8J,12275,5746,4959
V8K,V8K,10561,5890,4845
V8L,V8L,23422,11227,10389
V8M,V8M,16168,6940,6695
V8N,V8N,25065,10410,9509
V8P,V8P,18167,8262,7695
V8R,V8R,23572,11244,10771
V8S,V8S,17102,8498,8027
V8T,V8T,20136,10141,9643
V8V,V8V,25892,16525,15380
V8W,V8W,5201,4105,3268
V8X,V8X,23811,10779,10323
V8Y,V8Y,9830,4189,3998
V8Z,V8Z,31079,12569,12095
V9A,V9A,38699,20174,19320
V9B,V9B,44244,18576,17747
V9C,V9C,22785,9135,8697
V9E,V9E,5155,2141,2035
V9G,V9G,14772,6599,6329
V9H,V9H,9304,3971,3758
V9J,V9J,8715,3810,3566
V9K,V9K,15654,8095,7249
V9L,V9L,34378,14974,14272
V9M,V9M,17208,7923,7639
V9N,V9N,30080,13970,13586
V9P,V9P,25359,12691,11946
V9R,V9R,28376,13330,12610
V9S,V9S,16641,8466,7996
V9T,V9T,33103,14084,13690
V9V,V9V,10934,4483,4347
V9W,V9W,28743,13319,12714
V9X,V9X,10300,4133,3992
V9Y,V9Y,25269,12381,11417
V9Z,V9Z,17456,7827,7137
X0A,X0A,18958,6541,5510
X0B,X0B,6543,1869,1663
X0C,X0C,10443,3023,2646
X0E,X0E,21232,9363,7499
X0G,X0G,500,210,164
X1A,X1A,20054,8093,7318
Y0A,Y0A,1641,1002,742
Y0B,Y0B,6561,4870,3122
Y1A,Y1A,27672,12115,11351